examples,labels
C√≥digo do app,codigo de ativacao
C√≥digo do app,codigo de ativacao
Assim posso ficar tranquila,qual e o
Ver mobile tokem,nao consigo visualizar
N√£o consigo ver a senha do token,nao consigo visualizar
Como fa√ßo pra visualizar a senha do tokem,e como faco
Foi uma perca do cart√£o,fiz uma transferencia
Meu cart√£o  est√°  dando duas prestao  do mesmo valor,quero saber como
Eu usei ele pela √∫ltima vez na pizzaria,o pagamento da
Como arrumar a fatura do cart√£o,e como faco
Sobre fatura cart√£o,quero saber como
Quero saber pq meu aplicativo esta bloqueado,quero saber como
Seu c√≥digo de seguran√ßa encontra se bloqueado,de saber se
"Fui realizar meu primeiro saque com cart√£o,",primeiro saque com
Primeiro saque com cart√£o,primeiro saque com
Fui realizar meu primeiro saque com cart√£o,primeiro saque com
Limites de cr√©dito,cartao de credito
Pedir um limite de cr√©dito,cartao de credito
Como solicitar um limite de cr√©dito no cart√£o de d√©bito,cartao de credito
Como mudar de estado na hora de  pagar um ve√≠culo,na minha conta
At√© hoje n√£o entrou limite,nao consigo visualizar
Vai cai dinheiro na minha conta s√≥ dia 20,da minha conta
Cart√£o de cr√©dito,cartao de credito
Poderia verificar pra mim se foi efetuado um dep√≥sito,de saber se
Gostaria de saber se foi efetuado um dep√≥sito na conta do meu marido,de saber se
"*Roger*  sim, ag√™ncia 0259 e a conta 86258-4",da minha conta
Goatrtia de saber se foi efetuado um dep√≥sito na conta do meu marido,de saber se
Gostaria de saber se foi efetuado um dep√≥sito pra mim,de saber se
Gostaria de saber se foi efetuado um dep√≥sito,de saber se
Posso efetuar um saque sem cart√£o por√©m meu cart√£o t√° bloqueado,debito sem ter
tenho mais 2 cartoes do banco,banco do brasil
N√£o houve troca de nada e j√° uso o aplicativo,nao consigo visualizar
üôÑüôÑ n√£o entendi esse saque de 3 reais,primeiro saque com
Como tem um saque de 3 reais na minha conta,primeiro saque com
Cartao de cr√©dito,cartao de credito
C√≥digo de ativa√ß√£o,codigo de ativacao
Preciso do c√≥digo de ativa√ß√£o do dispositivo,codigo de ativacao
Meu aplicativo do celular n√£o est√° ativo,nao consigo visualizar
Empr√©stimo saque anivers√°rio,primeiro saque com
Posso fazer isso hoje,qual e o
S√≥ gostaria de saber se meu cart√£o ja est√° funcionando,de saber se
Banco do brasil,banco do brasil
Quero um chegue,quero saber como
Simule pra mim,o pagamento da
Preciso da sua ajida,preciso desbloquear meu
Meu postergar n√£o est√° pra vencer nas pr√≥ximas 72hrs,nao consigo visualizar
Preciso habilitar meu celular novo para fazer pagamento de conta pelo App,na minha conta
N√£o e nenhum desses,nao consigo visualizar
Banco do Brasil,banco do brasil
Quero saber sobre essas duas contas,quero saber como
C√≥digo de ativa√ß√£o,codigo de ativacao
Oi eu keria faser um em prestimo  poso ou n√£o,o pagamento da
N√£o tenho a conta cadastrada no aplicativo,nao consigo visualizar
Como fa√ßo para pedir manuten√ß√£o da m√°quina de cart√£o,e como faco
Codico de seguran√ßa,o pagamento da
As duas  nao tenho nenhuma,nao me enviou
Preciso da chave de minha  corrente,da minha conta
Meu App n√£o aparece meu limite,nao consigo visualizar
Como desabilitar aproxima√ß√£o do cart√£o d√©bito?,aproximacao do cartao
Como desabilitar aproxima√ß√£o do cart√£o d√©bito,aproximacao do cartao
Meu aplicativo da erro para ver o limite do cart√£o,nao consigo visualizar
Como desabilitar aproxima√ß√£o do cart√£o d√©bito,aproximacao do cartao
Aproxima√ß√£o do cart√£o,aproximacao do cartao
Como desabilitar aproxima√ß√£o do cart√£o,aproximacao do cartao
N√£o consigo ver meu limite pelo aplicativo,nao consigo visualizar
Prefeitura Municipal de Jo√£oPessoa,o pagamento da
Suporte da maquininha,o pagamento da
Ativar tag ped√°gio,o pagamento da
Poupar e ganhar,o pagamento da
Eu paguei uma conta errada tinha pago tem como canselar,na minha conta
Nao e esse nao o meu,nao me enviou
Eu posso comprar no cr√©dito parcelado com cart√£o Sicredi?,cartao de credito
N√£o estou conseguindo fazer transfer√™ncia preciso de uma libera√ß√£o,fiz uma transferencia
Qual valor pago mensal pro sicred?,qual e o
Como ativo minha conta para meu cart√£o vir?,da minha conta
Tenho q fazer minha primeira transfer√™ncia de 100 reais,da minha conta
Ja paguei a fatura do m√™s de novembro,o pagamento da
Quero saber se tenho limite dispon√≠vel para financiamento,quero saber como
N√£o consegui verificar no app,nao consigo visualizar
Nenhuma das op√ß√µes,o pagamento da
Meu cart√£o de cr√©dito j√° est√° a caminho ?,cartao de credito
Como antecipar a transfer√™ncia para finais de semana,quero saber como
Nenhuma das op√ß√µes,o pagamento da
transfer√™ncia em final de semana,quero saber como
Como funciona o cart√£o de cr√©dito sicredi,cartao de credito
D√©bito em conta,debito sem ter
Desabilitar pagamento por aproxima√ß√£o,aproximacao do cartao
Preciso da letra do meu cart√£o,preciso desbloquear meu
Recupera√ß√£o da letra do cart√£o,o pagamento da
Recuperar letra do cart√£o,o pagamento da
Quero estornar uma cobran√ßa no meu cart√£o de cr√©dito,cartao de credito
Ja efetue o pagamento da fatura do m√™s de 05 do m√™s 11,o pagamento da
Cart√£o de cr√©dito,cartao de credito
√â s√≥ para informar o pagamento da fatura,o pagamento da
C√≥digo de ativa√ß√£o do APP,codigo de ativacao
Quantas parcela falta do meu empr√©stimo,valor da parcela
Entrarei em contato mais tarde,o pagamento da
Nenhuma das opcoes,o pagamento da
Me manda por e-mail,nao me enviou
"O meu aplicativo n√£o esta abrindo, n√£o consigo acessa-lo",nao consigo visualizar
N√£o consigo acessa o app,nao consigo visualizar
N√£o consigo sacar dinheiro e tenho dinheiro na conta,nao consigo visualizar
Pediu outro cart√£o,o pagamento da
Pedir outro cart√£o o meu est√° estragando,fiz uma transferencia
N√£o consigo visualizar,nao consigo visualizar
Seguro Sul Americas,o pagamento da
"Fiz uma tranferencia ontem e foi estornada, queria saber o motivo??",fiz uma transferencia
"Entrei no aplicativo, por√©m diz que est√° bloqueado ainda",qual e o
Posso comprar com ele sendo que o meu cart√£o tradicional est√° bloqueado,qual e o
E como entro em contato,e como faco
N√£o consigo desbloquear ele pelo aplicativo sicredi,nao consigo visualizar
Queria faze o cancelamento da conta,da minha conta
N√£o estou conseguindo desbloquear meu cart√£o no aplicativo,preciso desbloquear meu
N√£o est√° sendo aprovado o pagamento na m√°quina de cart√£o,fiz uma transferencia
Gostaria de sabe sobre emprestimo,de saber se
Queria ver a situacao de uma divida que tenho,fiz uma transferencia
Banco do Brasil,banco do brasil
Vence dia 15/11,no dia util
15/11 pago minhas compras,no dia util
Tenho que pagar dia 15/11?,no dia util
Qual √© minha conta √© ag√™ncia,da minha conta
Minha conta n√£o abriu,da minha conta
C√≥digo acesso internet bancking,o pagamento da
Deixa baixo ter√ßa vou no banco,banco do brasil
"Minha transfer√™ncia n√£o foi concretizada, qual o procedimento?",qual e o
Faser transfer√™ncia do investimento pra conta corrente,da minha conta
Preciso transferir meu dinheiro do investimento pra conta corrente,da minha conta
Quero inibir a fatura,quero saber como
E como entro em contato  ?,e como faco
E como fa√ßo isso,e como faco
Minha senha bloqueou e n√£o consigo pagar minhas faturas pelo aplicativo,nao consigo visualizar
Sair da conversa,o pagamento da
Como realizar o pagamento da GPS pelo app,o pagamento da
Solicitar limite de credito,cartao de credito
Cart√£o de Cr√©dito,cartao de credito
P√©ssimo esse atendimento,o pagamento da
Pode me ajudar por favor,nao me enviou
N√£o utilizo o aplicativo.,nao consigo visualizar
Queria como fazer pra recuperar meu c√≥digo,e como faco
Eu preciso desbloquear meu aplicativo do Sicredi,preciso desbloquear meu
Preciso do meu c√≥digo,preciso desbloquear meu
Nao me ajudar,nao me enviou
Como busco o n√∫mero do grupo e a cota do meu cons√≥rcio?,na minha conta
Cai num golpe tem como recuperar meu dinheiro,na minha conta
Recuperar o dinheiro transferido,o pagamento da
Fiz uma transfer√™ncia e me dei conta q era um golpe,fiz uma transferencia
Fiz uma transfer√™ncia e me arrependi tem como recuperar meu dinheiro,fiz uma transferencia
Cartao de  credito,cartao de credito
cartao de credito,cartao de credito
Como eu fa√ßo um novo cadastro na minha conta?,na minha conta
cartao de credito,cartao de credito
saldo da fatura errado,debito sem ter
Fechamento da fatura,o pagamento da
Eu troquei de celular,na minha conta
"Tenho limite e ele nao passou no posto de gasolina, quero saber porque",quero saber como
Preciso que liberem meu cart√£o de cr√©dito,cartao de credito
Valida√ß√£o de seguran√ßa,o pagamento da
Troca de aparelho de celular,na minha conta
Preciso ativar o tokenni celular,preciso desbloquear meu
Troquei de aparelho de celular,na minha conta
N√£o consigo realizar uma transfer√™ncia da minha conta pelo celular,nao consigo visualizar
N√£o consigo fazer uma transfer√™ncia do celular,nao consigo visualizar
Quero cadastrar outro n√∫mero de celular na minha conta,na minha conta
N√£o consegui cadastrar meu celular,na minha conta
"Meu cart√£o estragou, preciso de um novo, como fa√ßo para conseguir outro?",na minha conta
Como ativo meu aplicativo,preciso desbloquear meu
Como eu cadastro o meu n√∫mero novo de celular,na minha conta
S√≥ posso fazer pagamentos nos dias √∫teis,qual e o
Pagamentos somente no dia √∫til,no dia util
O meu n√∫mero mudou por isso nao recebi o sms,nao me enviou
N√£o estou conseguindo usar minha conta,da minha conta
Aumento de limite,quero saber como
C√≥digo de ativa√ß√£o,codigo de ativacao
Troca de aparelho,na minha conta
Nenhuma das op√ß√µes,o pagamento da
"Alterei minha fatura para d√©bito autom√°tico, mas gostaria de continuar pagando pelo app",de saber se
Preciso passar o cart√£o,preciso desbloquear meu
Cart√£o de cr√©dito,cartao de credito
Gostaria de ter um cart√£o de credito,cartao de credito
C√≥digo de ativa√ß√£o,codigo de ativacao
Quero gerar o c√≥digo de ativa√ß√£o de seguran√ßa,codigo de ativacao
Manda o c√≥digo de ativa√ß√£o,codigo de ativacao
Gostaria de fazer um resgate de investimento em hor√°rio n√£o √∫til,de saber se
Troquei de n√∫mero e de celular e n√£o fui na ag√™ncia mudar,na minha conta
Qual o fone,qual e o
Cart√£o cancelado  O que fa√ßo com compras que n√£o foram pagas,e como faco
"Cart√£o cancelado, o que fa√ßo com compras pendente",e como faco
Q n√£o foi descontado,nao consigo visualizar
Quero saber se a minha probalidade foi aceita,de saber se
Como posso saber de uma compra realizada no meu cart√£o,fiz uma transferencia
Probalidade se foi aprovado,de saber se
Financiamento de ve√≠culos,quero saber como
Pagamento de licenciamento,o pagamento da
N√£o obrigado vc n√£o me ajudou,nao me enviou
Tem como eu ver isso no meu aplicativo?,nao consigo visualizar
Da mensagem n√£o dispon√≠vel pra mim,o pagamento da
Gostaria colocar cr√©dito meu celular e marido mas n√£o est√° dispon√≠vel,de saber se
Boa noite em voc√™ pide me ajudar bloquiei asenha do meu cart√£o,nao me enviou
E tinha 100$,o pagamento da
Consigo fazer online?,nao consigo visualizar
√â necess√°rio marcar hora para ir at√© o banco?,banco do brasil
√© preciso marcar algum hor√°rio para ir at√© o banco solicitar o cart√£o?,banco do brasil
Paraguai ida e volta dia 02,no dia util
Gastaria de saber quanto tenho na conta,quero saber como
Gostaria do estrato da minha conta,da minha conta
Reenviar c√≥digo de ativa√ß√£o,codigo de ativacao
C√≥digo de ativa√ß√£o,codigo de ativacao
Qual dias √∫teis posso utilizar o TED?,qual e o
Desbloquear minha conta,da minha conta
Ted pode ser feito no s√°bado?,o pagamento da
Desbloquear minha conta,da minha conta
qual √© o aplicativo oficial do sicredi?,qual e o
Como √© o nome do aplicativo do sicredi,nao consigo visualizar
Como √© o nome do aplicativo ?,nao consigo visualizar
Estorno na fatura do cart√£o de credito,cartao de credito
Descontaram uma parcela do meu empr√©stimo indevidamente .,valor da parcela
Movistar com de mat de constru√ß√£o Ltda,o pagamento da
N√£o consigo visualizar a senha,nao consigo visualizar
Cart√£o est√° desbloqueado mas n√£o consigo visualizar a senha,nao consigo visualizar
N√£o lembro o email que cadastrei no programa de milhagem,qual e o
Fazer cash back,o pagamento da
Cart√£o de cr√©dito,cartao de credito
Oi como faz para fazer desbloquear      o cart√£o  por tentativa  de senha,e como faco
Eu mandei no seu particular hehe mas vou mandar aqui de novo,na minha conta
Eu quero cancelar esta transferencia porque foi um golpe,de saber se
Sim preciso efetuar o pagamento da fatura,o pagamento da
"Porque foi debitado o valor de 242,18 Da minha conta?",da minha conta
Quero migrar de cart√£o,quero saber como
Eu quero saber aumentar o limite do meu cart√£o,quero saber como
Quero fazer o financiamento de autom√≥vel,quero saber como
Informa√ß√µes sobre financiamento de autom√≥veis,quero saber como
Informa√ß√µes sobre financiamento,quero saber como
Disponibilidade de financiamento,quero saber como
Quero recuperar minha conta,da minha conta
Esqueci minja conta,da minha conta
Quero visualizar a minha conta,da minha conta
N√£o consigo entra no app,nao consigo visualizar
Limite dispon√≠vel.. cr√©dito. Conta corrente,da minha conta
Casa de alvenaria,o pagamento da
Ao faser a transa√ß√£o quando confirmo aparece c√≥digo de seguran√ßa,o pagamento da
"Ontem fiz uma transfer√™ncia de 200 reais, Mas um n√∫mero  a mais",fiz uma transferencia
N√£o consigo pagar boletos e carregar meu celular,nao consigo visualizar
Valor presta√ß√£o do empr√©stimo,valor da parcela
Queria saber valor da presta√ß√£o,quero saber como
Porque  n√£o tive  estorno  de 200 reais,e como faco
Sobre o poupar e ganhar se estou participando,de saber se
Sobre o poupa e ganhar demore se estou participando,de saber se
Gostaria. Sei saber do grama poupar e ganhar,de saber se
Tentei sacar dinheiro e apareceu q estava bloqueado?,o pagamento da
Cart√£o de cr√©dito,cartao de credito
Cart√£o de cr√©dito,cartao de credito
Sobre o valor da parcela do empr√©stimo?,valor da parcela
Como ativo meu sistema de aeguran√ßa??,na minha conta
E como fa√ßo o estorno?,e como faco
Desinstalei sem querer o aplicativo,debito sem ter
Quero fazer um estorno vc pode me esplicar como fazer,e como faco
Preciso desbloquear meu aplicativo,preciso desbloquear meu
fiz uma compra no cart√£o e n√£o est√° constando o pagamento,fiz uma transferencia
N√£o abre o link enviado,nao consigo visualizar
Minha fatura do cart√£o t√° outro valor n√£o a que eu gastei,qual e o
Fiz uma compra com um valor mais agora t√° outro,fiz uma transferencia
Eu fis o pagamento e a√≠nda n√£o veio meu cr√©dito,nao consigo visualizar
E como fa√ßo para pegar a raspadinha,e como faco
Cart√£o de cr√©dito,cartao de credito
Estou recebendo uma mensagem que meu cart√£o t√° sendo usado,fiz uma transferencia
Preciso desbloquear meu aplicativo troquei,preciso desbloquear meu
Porque tenho duas contas ativas?,quero saber como
Porque tenho duas contas?,quero saber como
Habilitar c√≥digo de seguran√ßa para pagamento e transfer√™ncia pelo app,codigo de ativacao
Preciso desbloquear meu aplicativo,preciso desbloquear meu
N√£o est√° habilitado,nao consigo visualizar
Aplicativo n√£o realiza transfer√™ncia,nao consigo visualizar
Aplicativo diz que n√£o est√° habilitado para realizar transfer√™ncia,qual e o
Qual o aplicativo que √© usado ?,qual e o
Resultado de pedido de empr√©stimo,valor da parcela
Fiz um pedido de empr√©stimo √© quero saber se foi aprovado?,de saber se
Saber resultado do meu pedido de empr√©stimo,valor da parcela
Antecipa√ß√£o de cart√£o,cartao de credito
Recebi essa msg,o pagamento da
Cartao de cr√©dito Rodrigo Queir√≥z Gon√ßalves,cartao de credito
Como fa√ßo para regularizar meus d√©bitos,e como faco
Conta corrente est√° debitando a mais,da minha conta
Recebi esta mag o que devo fazer??,qual e o
Qual o limite de pagamento no aplicativo?,qual e o
At√© que valor posso pagar boleto pelo aplicativo?,qual e o
Qual √© o valor de boleto que posso pagar no aplicativo?,qual e o
Valor limite de pagamento de boleto no app,qual e o
Me equivoquei em um deposito feito ha alguns minutos,o pagamento da
Banco do Brasil,banco do brasil
h√° tenho o aplicativo,quero saber como
Quero saber como est√° minhas situa√ß√£o no banco,quero saber como
Quero saber do status da minha conta,da minha conta
Como consigo falar com uma central,nao consigo visualizar
Pode ser audio,o pagamento da
Quero fazer estorno de cart√£o de cliente,e como faco
Tenho usado pouco o chewuev,quero saber como
Vou ver aqui,nao consigo visualizar
Quem √© meu gerente de conta?,da minha conta
Qual √© meu gerente?,qual e o
Mais eu paguei  td hj,o pagamento da
Transa√ß√£o n√£o permitida,nao consigo visualizar
Quando finaliza aparece uma mensagem,fiz uma transferencia
N√£o estou conseguindo efetuar pagamento pelo aplicativo,nao consigo visualizar
Banco do Brasil,banco do brasil
Qual limite da minha conta,da minha conta
Eu gostaria de saber quanto posso gasta no d√©bito sem ter o dinheiro,debito sem ter
Queria saber qual meu limite da conta debito,quero saber como
Preciso do extrato de quita√ß√£o do meu consignado para portabilidada,na minha conta
Banco do Brasil,banco do brasil
Como consegui usar d√©bito sem dinheiro na conta?,debito sem ter
Qual o n√∫mero da central de atendimento,na minha conta
N√∫mero do cheque 000061,na minha conta
Posso usar meu cart√£o no d√©bito sem ter saldo na conta?,debito sem ter
Como meu cart√£o passou no d√©bito se n√£o havia saldo?,debito sem ter
Qual seria as bandeiras?,qual e o
Quero acessar meu seguro de vida,quero saber como
Eu quero saber como anda a fatura do meu cartao,quero saber como
Eu gostaria de saber se est√° m,de saber se
Existe pend√™ncias na minha conta do Sicredi?,da minha conta
Quero pagar agora,quero saber como
Gostaria de vericar as pend√™ncias da minha conta,da minha conta
Minha conta est√° bloqueada?,da minha conta
Gostaria de saber sobre meu financiamento de um ve√≠culo,de saber se
Posso solicitar a tag ped√°gios?,qual e o
Codigo de letrad,o pagamento da
Posso solicitar o tag?,qual e o
Car t√£o cr√©dito,cartao de credito
Contesta√ß√£o de parcela,valor da parcela
Esses hor√°rios a cima n√£o posso ir no banco,qual e o
N√£o posso esses hor√°rios,qual e o
D√∫vida de um estorno de compra a credito,cartao de credito
Troquei de celular e n√£o consigo fazer transfer√™ncia,nao consigo visualizar
N√£o tenho contato com a ger√™ncia,quero saber como
estou tentando fazer de minha conta pra outra conta n√£o est√° dando certo,da minha conta
Como saber o dia e valor do financiamento,quero saber como
para outra conta,da minha conta
Dia do pagamento,no dia util
Valor e dia da parcela,valor da parcela
"Ver o dia e valor da parcela, financiamento j√° contratado",valor da parcela
Troquei de celular e n√£o consigo fazer transfer√™ncias,nao consigo visualizar
Marlene Bento dos Santos,o pagamento da
E o CNPJ da sua empresa vc vai informar 10.491.489/0001-03,o pagamento da
Abri hoje n√£o ganhei ainda,nao consigo visualizar
Solicitei e ele n√£o me enviou,nao me enviou
Como falo com a Central de atendimento?,e como faco
Ele n√£o me enviou,nao me enviou
Receber uma transfer√™ncia,fiz uma transferencia
Tem como vc arrumar,e como faco
Na raz√£o social est√° meu nome tem que colocar o nome da empresa,o pagamento da
